,n_activities,n_activities,n_activities,n_activities,n_activities,n_activities,n_activities,n_activities,n_skills,n_skills,n_skills,n_skills,n_skills,n_skills,n_skills,n_skills,n_resources,n_resources,n_resources,n_resources,n_resources,n_resources,n_resources,n_resources,n_precedences,n_precedences,n_precedences,n_precedences,n_precedences,n_precedences,n_precedences,n_precedences,skill_factor,skill_factor,skill_factor,skill_factor,skill_factor,skill_factor,skill_factor,skill_factor,modified_resource_strength,modified_resource_strength,modified_resource_strength,modified_resource_strength,modified_resource_strength,modified_resource_strength,modified_resource_strength,modified_resource_strength,network_complexity,network_complexity,network_complexity,network_complexity,network_complexity,network_complexity,network_complexity,network_complexity,network_density,network_density,network_density,network_density,network_density,network_density,network_density,network_density
,count,mean,std,min,25%,50%,75%,max,count,mean,std,min,25%,50%,75%,max,count,mean,std,min,25%,50%,75%,max,count,mean,std,min,25%,50%,75%,max,count,mean,std,min,25%,50%,75%,max,count,mean,std,min,25%,50%,75%,max,count,mean,std,min,25%,50%,75%,max,count,mean,std,min,25%,50%,75%,max
family,,,,,,,,,,,,,,,,,,,,,,,,,,,,,,,,,,,,,,,,,,,,,,,,,,,,,,,,,,,,,,,,
set-1a,216.0,22.0,0.0,22.0,22.0,22.0,22.0,22.0,216.0,4.0,0.0,4.0,4.0,4.0,4.0,4.0,216.0,18.583333333333332,6.629216516897527,10.0,12.25,20.0,25.0,30.0,216.0,37.0,4.910359244187409,31.0,31.0,37.0,43.0,43.0,216.0,0.7518518518518519,0.17852606166671886,0.5,0.6312500000000001,0.75,0.878125,1.0,216.0,0.154849366427144,0.04149611807974541,0.0757575757575757,0.125,0.1625,0.1875,0.2272727272727272,216.0,1.6818181818181819,0.22319814746306393,1.4090909090909092,1.4090909090909092,1.681818181818182,1.9545454545454544,1.9545454545454544,216.0,0.16017316017316016,0.021256966425053692,0.1341991341991342,0.1341991341991342,0.1601731601731601,0.1861471861471861,0.1861471861471861
set-1b,216.0,42.0,0.0,42.0,42.0,42.0,42.0,42.0,216.0,4.0,0.0,4.0,4.0,4.0,4.0,4.0,216.0,37.583333333333336,10.876152705548899,20.0,30.0,38.0,45.0,60.0,216.0,73.0,9.820718488374817,61.0,61.0,73.0,85.0,85.0,216.0,0.7504918981481481,0.17788713822444446,0.5,0.6312500000000001,0.75,0.8687499999999999,1.0,216.0,0.07827212598931939,0.012863868252604889,0.0590551181102362,0.0625,0.078125,0.09375,0.1032110091743119,216.0,1.7380952380952381,0.2338266306755909,1.4523809523809523,1.4523809523809523,1.738095238095238,2.0238095238095237,2.0238095238095237,216.0,0.08478513356562134,0.011406177106126379,0.0708478513356562,0.0708478513356562,0.0847851335656213,0.0987224157955865,0.0987224157955865
set-2a,110.0,27.663636363636364,7.926586632742492,20.0,22.0,27.0,27.0,51.0,110.0,6.3545454545454545,2.371800553353381,2.0,3.0,8.0,8.0,8.0,110.0,9.554545454545455,1.6118048669449996,5.0,10.0,10.0,10.0,14.0,110.0,62.345454545454544,25.067042715993402,31.0,37.0,60.0,89.0,93.0,110.0,0.46348738644629817,0.12335287742562732,0.3611111111111111,0.375,0.4,0.5433333333333333,0.7777777777777778,110.0,0.06730853448088416,0.033120780268964777,0.0135153399107987,0.05,0.0533333333333333,0.0847457627118644,0.1651651651651651,110.0,2.267155837186026,0.8123324011918909,1.2962962962962965,1.55,1.9838709677419355,3.2962962962962963,3.4444444444444446,110.0,0.1797018167807596,0.06805134085562826,0.0666666666666666,0.1111111111111111,0.1684210526315789,0.2535612535612536,0.2649572649572649
set-2b,77.0,49.142857142857146,14.943502624106964,32.0,32.0,62.0,62.0,62.0,77.0,11.181818181818182,2.210782623554935,9.0,9.0,12.0,12.0,15.0,77.0,13.025974025974026,3.688438644046478,6.0,10.0,13.0,16.0,19.0,77.0,86.64935064935065,31.811850751834704,48.0,58.0,93.0,112.0,131.0,77.0,0.20319865319865313,0.04269170323526366,0.1208333333333333,0.1703703703703703,0.2,0.2291666666666666,0.3388888888888889,77.0,0.036612514339009035,0.024547562866196963,0.010752688172043,0.0160493827160493,0.018018018018018,0.0618556701030927,0.0798122065727699,77.0,1.740050272308337,0.2261563355569189,1.5,1.5,1.8064516129032255,1.8125,2.1129032258064515,77.0,0.07950854011139571,0.025236834634445617,0.0491803278688524,0.0592279217345319,0.0692755156002115,0.0967741935483871,0.1169354838709677
set-2c,91.0,27.164835164835164,5.024968184009253,22.0,22.0,32.0,32.0,32.0,91.0,7.1098901098901095,2.7586250578888407,3.0,5.0,7.0,9.0,12.0,91.0,7.681318681318682,3.2519365884179803,4.0,4.0,8.0,10.0,15.0,91.0,44.79120879120879,5.248315038639615,40.0,40.0,48.0,48.0,58.0,91.0,0.3913928862143148,0.1535233859097863,0.1472222222222222,0.27326388888888886,0.375,0.5,0.8111111111111111,91.0,0.056147957806993457,0.030514562393086937,0.0211640211640211,0.029740187949143147,0.048780487804878,0.07477288609364074,0.1785714285714285,91.0,1.6744505494505495,0.15885284881920608,1.5,1.5,1.8125,1.818181818181818,1.818181818181818,91.0,0.13503738964568454,0.03740770636025012,0.0967741935483871,0.0967741935483871,0.1169354838709677,0.1731601731601731,0.1731601731601731
set-3a,216.0,82.0,0.0,82.0,82.0,82.0,82.0,82.0,216.0,4.0,0.0,4.0,4.0,4.0,4.0,4.0,216.0,37.666666666666664,6.14249400147363,30.0,30.0,38.0,45.0,45.0,216.0,145.0,19.641436976749635,121.0,121.0,145.0,169.0,169.0,216.0,0.7489149305555556,0.17745564237720587,0.5,0.6453125,0.75,0.84296875,1.0,216.0,0.02087738543584848,0.006412863381071837,0.01171875,0.015625,0.0197916666666666,0.0234375,0.03515625,216.0,1.7682926829268297,0.2395297192286541,1.475609756097561,1.475609756097561,1.7682926829268293,2.0609756097560976,2.0609756097560976,216.0,0.0436615477265883,0.005914314055028491,0.0364348087925323,0.0364348087925323,0.0436615477265883,0.0508882866606443,0.0508882866606443
set-3b,216.0,62.0,0.0,62.0,62.0,62.0,62.0,62.0,216.0,4.0,0.0,4.0,4.0,4.0,4.0,4.0,216.0,37.666666666666664,6.14249400147363,30.0,30.0,38.0,45.0,45.0,216.0,103.0,9.820718488374817,91.0,91.0,103.0,115.0,115.0,216.0,0.7504243827160494,0.17777373605843846,0.5,0.625,0.75,0.8718750000000001,1.0,216.0,0.03704632913077938,0.011390928603675483,0.0208333333333333,0.0277777777777777,0.0351851851851851,0.0416666666666666,0.0625,216.0,1.6612903225806452,0.158398685296368,1.467741935483871,1.467741935483871,1.6612903225806452,1.8548387096774193,1.8548387096774193,216.0,0.054468535166578486,0.00519339951791372,0.0481226864093072,0.0481226864093072,0.0544685351665785,0.0608143839238498,0.0608143839238498
